{
    "compost": {
        "precision": 0.9877149877149877,
        "recall": 0.9901477832512315,
        "f1-score": 0.988929889298893,
        "support": 406.0
    },
    "garbage": {
        "precision": 0.9983955074207782,
        "recall": 0.9948041566746603,
        "f1-score": 0.9965965965965966,
        "support": 2502.0
    },
    "recycle": {
        "precision": 0.9899068322981367,
        "recall": 0.99609375,
        "f1-score": 0.9929906542056075,
        "support": 1280.0
    },
    "accuracy": 0.9947468958930277,
    "macro avg": {
        "precision": 0.9920057758113008,
        "recall": 0.9936818966419639,
        "f1-score": 0.9928390467003657,
        "support": 4188.0
    },
    "weighted avg": {
        "precision": 0.9947656613946245,
        "recall": 0.9947468958930277,
        "f1-score": 0.9947512552825247,
        "support": 4188.0
    }
}